{"cameraMode":{"drawMode":0,"name":"Shaded","section":"Shading Mode"},"sceneLighting":true,"audioPlay":false,"sceneViewState":{"showFog":true,"showMaterialUpdate":false,"showSkybox":true,"showFlares":true,"showImageEffects":true,"showParticleSystems":true},"in2DMode":false,"pivot":{"x":-1.3149701356887818,"y":2.4132168292999269,"z":13.33450698852539},"rotation":{"x":-0.05128011852502823,"y":-0.01737913489341736,"z":0.000892551033757627,"w":-0.9985327124595642},"size":38.592628479003909,"orthographic":false}