{"cameraMode":{"drawMode":0,"name":"Shaded","section":"Shading Mode"},"sceneLighting":true,"audioPlay":false,"sceneViewState":{"showFog":true,"showMaterialUpdate":false,"showSkybox":true,"showFlares":true,"showImageEffects":true,"showParticleSystems":true},"in2DMode":false,"pivot":{"x":34.7729606628418,"y":2.2829718589782717,"z":-38.949066162109378},"rotation":{"x":-0.02750144526362419,"y":-0.7775214910507202,"z":0.034085676074028018,"w":-0.627329409122467},"size":4.041658401489258,"orthographic":false}