{"cameraMode":{"drawMode":0,"name":"Shaded","section":"Shading Mode"},"sceneLighting":false,"audioPlay":false,"sceneViewState":{"showFog":true,"showMaterialUpdate":false,"showSkybox":true,"showFlares":true,"showImageEffects":true,"showParticleSystems":true},"in2DMode":false,"pivot":{"x":2.462890625,"y":6.489501953125,"z":4.238250732421875},"rotation":{"x":0.12036830186843872,"y":0.8709548115730286,"z":-0.3961668610572815,"w":0.264577180147171},"size":34.055721282958987,"orthographic":true}