{"cameraMode":{"drawMode":0,"name":"Shaded","section":"Shading Mode"},"sceneLighting":false,"audioPlay":false,"sceneViewState":{"showFog":true,"showMaterialUpdate":false,"showSkybox":true,"showFlares":true,"showImageEffects":true,"showParticleSystems":true},"in2DMode":false,"pivot":{"x":20.620834350585939,"y":-4.768527507781982,"z":-1.9650087356567383},"rotation":{"x":-0.1702750027179718,"y":0.38343021273612978,"z":-0.07215286791324616,"w":-0.9048656225204468},"size":14.628127098083496,"orthographic":false}