{"cameraMode":{"drawMode":0,"name":"Shaded","section":"Shading Mode"},"sceneLighting":true,"audioPlay":false,"sceneViewState":{"showFog":true,"showMaterialUpdate":false,"showSkybox":true,"showFlares":true,"showImageEffects":true,"showParticleSystems":true},"in2DMode":false,"pivot":{"x":127.51367950439453,"y":19.10417938232422,"z":-202.4827880859375},"rotation":{"x":-0.007182533852756023,"y":-0.9763392806053162,"z":0.2136174738407135,"w":-0.032829400151968},"size":165.1761474609375,"orthographic":false}