{"cameraMode":{"drawMode":0,"name":"Shaded","section":"Shading Mode"},"sceneLighting":false,"audioPlay":false,"sceneViewState":{"showFog":true,"showMaterialUpdate":false,"showSkybox":true,"showFlares":true,"showImageEffects":true,"showParticleSystems":true},"in2DMode":false,"pivot":{"x":-73.30000305175781,"y":3.0,"z":59.80000305175781},"rotation":{"x":0.19164712727069856,"y":-0.38482168316841128,"z":0.08202265948057175,"w":0.899141788482666},"size":168.93641662597657,"orthographic":false}