{"cameraMode":{"drawMode":0,"name":"Shaded","section":"Shading Mode"},"sceneLighting":true,"audioPlay":false,"sceneViewState":{"showFog":true,"showMaterialUpdate":false,"showSkybox":true,"showFlares":true,"showImageEffects":true,"showParticleSystems":true},"in2DMode":false,"pivot":{"x":46.70389938354492,"y":11.608993530273438,"z":0.0},"rotation":{"x":-0.5192498564720154,"y":0.008509098552167416,"z":-0.005127218086272478,"w":-0.8545647263526917},"size":123.07994079589844,"orthographic":true}