{"cameraMode":{"drawMode":0,"name":"Shaded","section":"Shading Mode"},"sceneLighting":false,"audioPlay":false,"sceneViewState":{"showFog":true,"showMaterialUpdate":false,"showSkybox":true,"showFlares":true,"showImageEffects":true,"showParticleSystems":true},"in2DMode":false,"pivot":{"x":-160.6970672607422,"y":2.9075798988342287,"z":-44.28816604614258},"rotation":{"x":0.19778305292129517,"y":-0.6088293790817261,"z":0.16026677191257478,"w":0.751347541809082},"size":20.26112174987793,"orthographic":true}