{"cameraMode":{"drawMode":0,"name":"Shaded","section":"Shading Mode"},"sceneLighting":true,"audioPlay":false,"sceneViewState":{"showFog":true,"showMaterialUpdate":false,"showSkybox":true,"showFlares":true,"showImageEffects":true,"showParticleSystems":true},"in2DMode":false,"pivot":{"x":-85.0999984741211,"y":3.8000001907348635,"z":-3.8000001907348635},"rotation":{"x":-0.1558145135641098,"y":-0.6379560232162476,"z":0.13402706384658814,"w":-0.7421392798423767},"size":12.472108840942383,"orthographic":true}