{"cameraMode":{"drawMode":0,"name":"Shaded","section":"Shading Mode"},"sceneLighting":false,"audioPlay":false,"sceneViewState":{"showFog":true,"showMaterialUpdate":false,"showSkybox":true,"showFlares":true,"showImageEffects":true,"showParticleSystems":true},"in2DMode":false,"pivot":{"x":98.88806915283203,"y":7.075014114379883,"z":57.259403228759769},"rotation":{"x":-0.23636944591999055,"y":-0.2849518060684204,"z":0.07272939383983612,"w":-0.9260898232460022},"size":11.204431533813477,"orthographic":false}