{"cameraMode":{"drawMode":0,"name":"Shaded","section":"Shading Mode"},"sceneLighting":false,"audioPlay":false,"sceneViewState":{"showFog":true,"showMaterialUpdate":false,"showSkybox":true,"showFlares":true,"showImageEffects":true,"showParticleSystems":true},"in2DMode":false,"pivot":{"x":2.462890625,"y":6.489501953125,"z":4.238250732421875},"rotation":{"x":0.00768589973449707,"y":0.9911826252937317,"z":-0.11438734829425812,"w":0.06643472611904144},"size":16.437734603881837,"orthographic":true}