{"cameraMode":{"drawMode":0,"name":"Shaded","section":"Shading Mode"},"sceneLighting":false,"audioPlay":false,"sceneViewState":{"showFog":true,"showMaterialUpdate":false,"showSkybox":true,"showFlares":true,"showImageEffects":true,"showParticleSystems":true},"in2DMode":false,"pivot":{"x":86.67224884033203,"y":-3.051298141479492,"z":12.250268936157227},"rotation":{"x":-0.056077927350997928,"y":0.8882986903190613,"z":-0.4416552782058716,"w":-0.1127888560295105},"size":18.15512466430664,"orthographic":false}